{
  "Create Payment Instrument Customer nr 2" : {
    "transaction" : "Create Payment Instrument Customer nr 2",
    "sampleCount" : 21,
    "errorCount" : 0,
    "errorPct" : 0.0,
    "meanResTime" : 660.1904761904763,
    "medianResTime" : 656.0,
    "minResTime" : 642.0,
    "maxResTime" : 695.0,
    "pct1ResTime" : 679.0,
    "pct2ResTime" : 693.5,
    "pct3ResTime" : 695.0,
    "throughput" : 0.23892687699816822,
    "receivedKBytesPerSec" : 0.19856130109906364,
    "sentKBytesPerSec" : 0.1537625116619071
  },
  "Create Payment Instrument Customer nr 1" : {
    "transaction" : "Create Payment Instrument Customer nr 1",
    "sampleCount" : 35,
    "errorCount" : 0,
    "errorPct" : 0.0,
    "meanResTime" : 697.7714285714286,
    "medianResTime" : 659.0,
    "minResTime" : 643.0,
    "maxResTime" : 1152.0,
    "pct1ResTime" : 841.3999999999994,
    "pct2ResTime" : 1126.3999999999999,
    "pct3ResTime" : 1152.0,
    "throughput" : 0.23593649937645353,
    "receivedKBytesPerSec" : 0.19607613375914254,
    "sentKBytesPerSec" : 0.1518380401260575
  },
  "Create Payment Instrument Customer nr 3" : {
    "transaction" : "Create Payment Instrument Customer nr 3",
    "sampleCount" : 7,
    "errorCount" : 0,
    "errorPct" : 0.0,
    "meanResTime" : 653.4285714285713,
    "medianResTime" : 657.0,
    "minResTime" : 643.0,
    "maxResTime" : 666.0,
    "pct1ResTime" : 666.0,
    "pct2ResTime" : 666.0,
    "pct3ResTime" : 666.0,
    "throughput" : 0.25853154084798347,
    "receivedKBytesPerSec" : 0.21485384888831438,
    "sentKBytesPerSec" : 0.16637918497931747
  },
  "Total" : {
    "transaction" : "Total",
    "sampleCount" : 189,
    "errorCount" : 2,
    "errorPct" : 1.0582011,
    "meanResTime" : 1440.6402116402119,
    "medianResTime" : 657.0,
    "minResTime" : 287.0,
    "maxResTime" : 4373.0,
    "pct1ResTime" : 3479.0,
    "pct2ResTime" : 3829.0,
    "pct3ResTime" : 4329.799999999999,
    "throughput" : 1.2504879549559682,
    "receivedKBytesPerSec" : 1.2740328153843101,
    "sentKBytesPerSec" : 0.7851086692227788
  },
  "Acquiring Process  Customer nr 3" : {
    "transaction" : "Acquiring Process  Customer nr 3",
    "sampleCount" : 7,
    "errorCount" : 0,
    "errorPct" : 0.0,
    "meanResTime" : 3403.2857142857147,
    "medianResTime" : 3295.0,
    "minResTime" : 2949.0,
    "maxResTime" : 4373.0,
    "pct1ResTime" : 4373.0,
    "pct2ResTime" : 4373.0,
    "pct3ResTime" : 4373.0,
    "throughput" : 0.23731226904430958,
    "receivedKBytesPerSec" : 0.32166936468115404,
    "sentKBytesPerSec" : 0.22827400879750484
  },
  "Acquiring Process  Customer nr 2" : {
    "transaction" : "Acquiring Process  Customer nr 2",
    "sampleCount" : 21,
    "errorCount" : 1,
    "errorPct" : 4.7619047,
    "meanResTime" : 3366.619047619048,
    "medianResTime" : 3399.0,
    "minResTime" : 2654.0,
    "maxResTime" : 3914.0,
    "pct1ResTime" : 3876.2,
    "pct2ResTime" : 3910.6,
    "pct3ResTime" : 3914.0,
    "throughput" : 0.2336968617849989,
    "receivedKBytesPerSec" : 0.3304076306198531,
    "sentKBytesPerSec" : 0.21409171210772313
  },
  "Acquiring Process  Customer nr 1" : {
    "transaction" : "Acquiring Process  Customer nr 1",
    "sampleCount" : 35,
    "errorCount" : 1,
    "errorPct" : 2.857143,
    "meanResTime" : 3323.0285714285715,
    "medianResTime" : 3332.0,
    "minResTime" : 2504.0,
    "maxResTime" : 4325.0,
    "pct1ResTime" : 3918.2,
    "pct2ResTime" : 4323.4,
    "pct3ResTime" : 4325.0,
    "throughput" : 0.23385717340175327,
    "receivedKBytesPerSec" : 0.32517500659811316,
    "sentKBytesPerSec" : 0.21852334646274324
  },
  "Prysym Transaction " : {
    "transaction" : "Prysym Transaction ",
    "sampleCount" : 61,
    "errorCount" : 0,
    "errorPct" : 0.0,
    "meanResTime" : 4347.55737704918,
    "medianResTime" : 4301.0,
    "minResTime" : 3712.0,
    "maxResTime" : 5697.0,
    "pct1ResTime" : 4873.6,
    "pct2ResTime" : 5259.4,
    "pct3ResTime" : 5697.0,
    "throughput" : 0.4033697909089707,
    "receivedKBytesPerSec" : 1.2171998573327338,
    "sentKBytesPerSec" : 0.7720749904117017
  },
  "Get Payment Instrument  Customer nr 3" : {
    "transaction" : "Get Payment Instrument  Customer nr 3",
    "sampleCount" : 7,
    "errorCount" : 0,
    "errorPct" : 0.0,
    "meanResTime" : 293.1428571428571,
    "medianResTime" : 292.0,
    "minResTime" : 289.0,
    "maxResTime" : 299.0,
    "pct1ResTime" : 299.0,
    "pct2ResTime" : 299.0,
    "pct3ResTime" : 299.0,
    "throughput" : 0.2620741295394983,
    "receivedKBytesPerSec" : 0.2177979338262823,
    "sentKBytesPerSec" : 0.08087443841257956
  },
  "Get Payment Instrument  Customer nr 2" : {
    "transaction" : "Get Payment Instrument  Customer nr 2",
    "sampleCount" : 21,
    "errorCount" : 0,
    "errorPct" : 0.0,
    "meanResTime" : 296.952380952381,
    "medianResTime" : 295.0,
    "minResTime" : 287.0,
    "maxResTime" : 313.0,
    "pct1ResTime" : 311.2,
    "pct2ResTime" : 312.9,
    "pct3ResTime" : 313.0,
    "throughput" : 0.2399478970280739,
    "receivedKBytesPerSec" : 0.19940982458094814,
    "sentKBytesPerSec" : 0.07404642134850718
  },
  "Get Payment Instrument  Customer nr 1" : {
    "transaction" : "Get Payment Instrument  Customer nr 1",
    "sampleCount" : 35,
    "errorCount" : 0,
    "errorPct" : 0.0,
    "meanResTime" : 294.4285714285714,
    "medianResTime" : 294.0,
    "minResTime" : 288.0,
    "maxResTime" : 303.0,
    "pct1ResTime" : 298.4,
    "pct2ResTime" : 299.79999999999995,
    "pct3ResTime" : 303.0,
    "throughput" : 0.23735733128979974,
    "receivedKBytesPerSec" : 0.1972569227808785,
    "sentKBytesPerSec" : 0.07324698895271164
  }
}