{
  "Acquiring Process  Customer nr 10" : {
    "transaction" : "Acquiring Process  Customer nr 10",
    "sampleCount" : 20,
    "errorCount" : 0,
    "errorPct" : 0.0,
    "meanResTime" : 4142.450000000001,
    "medianResTime" : 4001.5,
    "minResTime" : 2937.0,
    "maxResTime" : 5962.0,
    "pct1ResTime" : 5843.200000000001,
    "pct2ResTime" : 5956.75,
    "pct3ResTime" : 5962.0,
    "throughput" : 0.19673808259064707,
    "receivedKBytesPerSec" : 0.26667232288654114,
    "sentKBytesPerSec" : 0.18924512827322984
  },
  "Create Payment Instrument Customer nr 2" : {
    "transaction" : "Create Payment Instrument Customer nr 2",
    "sampleCount" : 22,
    "errorCount" : 0,
    "errorPct" : 0.0,
    "meanResTime" : 694.8181818181819,
    "medianResTime" : 675.0,
    "minResTime" : 646.0,
    "maxResTime" : 1086.0,
    "pct1ResTime" : 727.8,
    "pct2ResTime" : 1032.4499999999994,
    "pct3ResTime" : 1086.0,
    "throughput" : 0.19997636642942196,
    "receivedKBytesPerSec" : 0.16619129671038876,
    "sentKBytesPerSec" : 0.12869572800487214
  },
  "Create Payment Instrument Customer nr 1" : {
    "transaction" : "Create Payment Instrument Customer nr 1",
    "sampleCount" : 21,
    "errorCount" : 0,
    "errorPct" : 0.0,
    "meanResTime" : 697.4285714285713,
    "medianResTime" : 669.0,
    "minResTime" : 643.0,
    "maxResTime" : 1122.0,
    "pct1ResTime" : 737.0,
    "pct2ResTime" : 1083.6999999999994,
    "pct3ResTime" : 1122.0,
    "throughput" : 0.19701106076384003,
    "receivedKBytesPerSec" : 0.1637269655371366,
    "sentKBytesPerSec" : 0.12678739164391659
  },
  "Create Payment Instrument Customer nr 4" : {
    "transaction" : "Create Payment Instrument Customer nr 4",
    "sampleCount" : 21,
    "errorCount" : 0,
    "errorPct" : 0.0,
    "meanResTime" : 720.4761904761905,
    "medianResTime" : 677.0,
    "minResTime" : 650.0,
    "maxResTime" : 1209.0,
    "pct1ResTime" : 1050.6000000000004,
    "pct2ResTime" : 1201.1999999999998,
    "pct3ResTime" : 1209.0,
    "throughput" : 0.20053475935828877,
    "receivedKBytesPerSec" : 0.16665535177139038,
    "sentKBytesPerSec" : 0.12905508439171123
  },
  "Create Payment Instrument Customer nr 3" : {
    "transaction" : "Create Payment Instrument Customer nr 3",
    "sampleCount" : 21,
    "errorCount" : 0,
    "errorPct" : 0.0,
    "meanResTime" : 692.5714285714286,
    "medianResTime" : 668.0,
    "minResTime" : 649.0,
    "maxResTime" : 1080.0,
    "pct1ResTime" : 727.8,
    "pct2ResTime" : 1044.8999999999996,
    "pct3ResTime" : 1080.0,
    "throughput" : 0.20233358062993187,
    "receivedKBytesPerSec" : 0.16815027062116408,
    "sentKBytesPerSec" : 0.13021272425305186
  },
  "Get Payment Instrument  Customer nr 10" : {
    "transaction" : "Get Payment Instrument  Customer nr 10",
    "sampleCount" : 20,
    "errorCount" : 0,
    "errorPct" : 0.0,
    "meanResTime" : 322.85,
    "medianResTime" : 315.5,
    "minResTime" : 293.0,
    "maxResTime" : 383.0,
    "pct1ResTime" : 366.20000000000005,
    "pct2ResTime" : 382.2,
    "pct3ResTime" : 383.0,
    "throughput" : 0.20331401850157568,
    "receivedKBytesPerSec" : 0.16896506811019618,
    "sentKBytesPerSec" : 0.06274143539697062
  },
  "Create Payment Instrument Customer nr 9" : {
    "transaction" : "Create Payment Instrument Customer nr 9",
    "sampleCount" : 20,
    "errorCount" : 0,
    "errorPct" : 0.0,
    "meanResTime" : 723.1000000000001,
    "medianResTime" : 668.5,
    "minResTime" : 644.0,
    "maxResTime" : 1173.0,
    "pct1ResTime" : 1071.3000000000009,
    "pct2ResTime" : 1169.75,
    "pct3ResTime" : 1173.0,
    "throughput" : 0.1978689513934921,
    "receivedKBytesPerSec" : 0.16443991956627127,
    "sentKBytesPerSec" : 0.1273394911799915
  },
  "Get Payment Instrument  Customer nr 4" : {
    "transaction" : "Get Payment Instrument  Customer nr 4",
    "sampleCount" : 21,
    "errorCount" : 0,
    "errorPct" : 0.0,
    "meanResTime" : 315.7142857142858,
    "medianResTime" : 308.0,
    "minResTime" : 290.0,
    "maxResTime" : 383.0,
    "pct1ResTime" : 357.2,
    "pct2ResTime" : 380.49999999999994,
    "pct3ResTime" : 383.0,
    "throughput" : 0.2012226672543646,
    "receivedKBytesPerSec" : 0.16722704085299248,
    "sentKBytesPerSec" : 0.062096057473026586
  },
  "Create Payment Instrument Customer nr 6" : {
    "transaction" : "Create Payment Instrument Customer nr 6",
    "sampleCount" : 21,
    "errorCount" : 0,
    "errorPct" : 0.0,
    "meanResTime" : 699.7142857142856,
    "medianResTime" : 672.0,
    "minResTime" : 648.0,
    "maxResTime" : 1130.0,
    "pct1ResTime" : 742.2,
    "pct2ResTime" : 1091.6999999999994,
    "pct3ResTime" : 1130.0,
    "throughput" : 0.2008589109621142,
    "receivedKBytesPerSec" : 0.16692473948121012,
    "sentKBytesPerSec" : 0.12926369367581372
  },
  "Get Payment Instrument  Customer nr 3" : {
    "transaction" : "Get Payment Instrument  Customer nr 3",
    "sampleCount" : 21,
    "errorCount" : 0,
    "errorPct" : 0.0,
    "meanResTime" : 307.7142857142857,
    "medianResTime" : 299.0,
    "minResTime" : 289.0,
    "maxResTime" : 350.0,
    "pct1ResTime" : 343.0,
    "pct2ResTime" : 349.4,
    "pct3ResTime" : 350.0,
    "throughput" : 0.20387557764747002,
    "receivedKBytesPerSec" : 0.16943175447070016,
    "sentKBytesPerSec" : 0.06291472903964894
  },
  "Create Payment Instrument Customer nr 5" : {
    "transaction" : "Create Payment Instrument Customer nr 5",
    "sampleCount" : 21,
    "errorCount" : 0,
    "errorPct" : 0.0,
    "meanResTime" : 668.6666666666666,
    "medianResTime" : 665.0,
    "minResTime" : 644.0,
    "maxResTime" : 738.0,
    "pct1ResTime" : 698.0,
    "pct2ResTime" : 734.0999999999999,
    "pct3ResTime" : 738.0,
    "throughput" : 0.1985308715505261,
    "receivedKBytesPerSec" : 0.1649900114155251,
    "sentKBytesPerSec" : 0.12776547299980145
  },
  "Get Payment Instrument  Customer nr 2" : {
    "transaction" : "Get Payment Instrument  Customer nr 2",
    "sampleCount" : 21,
    "errorCount" : 0,
    "errorPct" : 0.0,
    "meanResTime" : 306.5238095238095,
    "medianResTime" : 304.0,
    "minResTime" : 287.0,
    "maxResTime" : 336.0,
    "pct1ResTime" : 334.4,
    "pct2ResTime" : 336.0,
    "pct3ResTime" : 336.0,
    "throughput" : 0.20096463022508038,
    "receivedKBytesPerSec" : 0.16701259797025725,
    "sentKBytesPerSec" : 0.062016428858520906
  },
  "Create Payment Instrument Customer nr 8" : {
    "transaction" : "Create Payment Instrument Customer nr 8",
    "sampleCount" : 21,
    "errorCount" : 0,
    "errorPct" : 0.0,
    "meanResTime" : 670.0,
    "medianResTime" : 663.0,
    "minResTime" : 647.0,
    "maxResTime" : 728.0,
    "pct1ResTime" : 707.0,
    "pct2ResTime" : 726.3,
    "pct3ResTime" : 728.0,
    "throughput" : 0.20160322565161043,
    "receivedKBytesPerSec" : 0.16754330569289108,
    "sentKBytesPerSec" : 0.12974270088321413
  },
  "Get Payment Instrument  Customer nr 1" : {
    "transaction" : "Get Payment Instrument  Customer nr 1",
    "sampleCount" : 21,
    "errorCount" : 0,
    "errorPct" : 0.0,
    "meanResTime" : 310.0476190476191,
    "medianResTime" : 306.0,
    "minResTime" : 292.0,
    "maxResTime" : 352.0,
    "pct1ResTime" : 343.40000000000003,
    "pct2ResTime" : 351.4,
    "pct3ResTime" : 352.0,
    "throughput" : 0.1986022186705,
    "receivedKBytesPerSec" : 0.16504930477401905,
    "sentKBytesPerSec" : 0.061287403417849606
  },
  "Create Payment Instrument Customer nr 7" : {
    "transaction" : "Create Payment Instrument Customer nr 7",
    "sampleCount" : 20,
    "errorCount" : 0,
    "errorPct" : 0.0,
    "meanResTime" : 718.85,
    "medianResTime" : 668.0,
    "minResTime" : 643.0,
    "maxResTime" : 1107.0,
    "pct1ResTime" : 1065.0000000000007,
    "pct2ResTime" : 1106.65,
    "pct3ResTime" : 1107.0,
    "throughput" : 0.1929198418057297,
    "receivedKBytesPerSec" : 0.16032693884441016,
    "sentKBytesPerSec" : 0.12415446850583582
  },